nombre,duracion,precio
Genuine Europe,15,2281
Europe Escape,12,2315
Central American Highlights,16,3790
San Jose to Cancun Travel Pass,33,2273
South America Tour,33,7401
Central & South America Tour,52,11809
Tour por Escandinavia,27,3100
Aventura Faraones en Egipto,8,557
Maravillas de Turquía,10,831
Civilizaciones de Anatolia,10,1273
Safari en Kenia,7,1500
Exploración de la Amazonía,12,2000
Ruta Maya en México,9,1200
Descubre Japón,14,3000
Ruta Inca en Perú,7,1400
Aventura en Australia,10,2200
Viaje por India,12,1800
Aventura en Islandia,10,2900
Safari en Sudáfrica,10,2500
Descubre China,12,2800
Tour por Canadá,14,3200
Exploración de Nueva Zelanda,10,2700
Descubre Brasil,10,2200
Viaje por Argentina,12,2400
Exploración de Chile,10,2300
Tour por Grecia,10,2000
Aventura en Marruecos,8,1700
Descubre Vietnam,16,2600
Viaje por Tailandia,10,2500
Tour por Indonesia,12,2800
Aventura en Filipinas,10,2700
Viaje por Singapur,7,2400
Exploración de Corea del Sur,10,2900
Tour por Rusia,24,3500
Descubre Nepal,10,2500
Viaje por Sri Lanka,8,2200
Tour por Emiratos Árabes,13,9800
Descubre Israel,10,2600
Viaje por Arabia Saudita,12,13000
Tour por Turquía,10,2800
Descubre Italia,10,4600
Viaje por España,12,6000
Exploración de Portugal,10,2700
North Africa Tour,15,2100
Explora Oceania,6,2300
West Coast Tour,7,1000
Great Lakes adventure,10,1250
12-day Route 66 drive,12,1600
Conoce el Caribe,9,4400
Eastern Europe Adventure,24,5105
Explorando Indochina,16,3050
Escape al Mediterraneo,20,2900
East Asia Tour,11,2785
Mundo Arabe,15,9745
Explorando la península	Iberica,11,2600
North & Central Europe Tour,15,7500
