tour,transporte
Genuine Europe,Avión
South America Tour,Avión
Central & South America Tour,Avión
Civilizaciones de Anatolia,Avión
Safari en Kenia,Avión
Exploración de la Amazonía,Avión
Ruta Maya en México,Avión
Descubre Japón,Avión
Aventura en Australia,Avión
Viaje por India,Avión
Aventura en Islandia,Avión
Safari en Sudáfrica,Avión
Descubre Brasil,Avión
Exploración de Chile,Avión
Tour por Grecia,Avión
Aventura en Marruecos,Avión
Descubre Vietnam,Avión
Tour por Indonesia,Avión
Viaje por Singapur,Avión
Tour por Rusia,Avión
Viaje por Sri Lanka,Avión
Tour por Emiratos Árabes,Avión
Viaje por Arabia Saudita,Avión
Exploración de Portugal,Avión
North Africa Tour,Avión
Explora Oceania,Avión
Eastern Europe Adventure,Avión
Explorando Indochina,Avión
East Asia Tour,Avión
Mundo Arabe,Avión
North & Central Europe Tour,Avión
Genuine Europe,Tren
Europe Escape,Tren
Tour por Escandinavia,Tren
Aventura Faraones en Egipto,Tren
Maravillas de Turquía,Tren
Descubre Japón,Tren
Ruta Inca en Perú,Tren
Viaje por India,Tren
Aventura en Islandia,Tren
Tour por Canadá,Tren
Viaje por Argentina,Tren
Exploración de Chile,Tren
Tour por Grecia,Tren
Descubre Vietnam,Tren
Viaje por Tailandia,Tren
Exploración de Corea del Sur,Tren
Viaje por Sri Lanka,Tren
Tour por Emiratos Árabes,Tren
Viaje por Arabia Saudita,Tren
Tour por Turquía,Tren
Descubre Italia,Tren
Viaje por España,Tren
Exploración de Portugal,Tren
Genuine Europe,Bus
Europe Escape,Bus
Central American Highlights,Bus
South America Tour,Bus
Central & South America Tour,Bus
Maravillas de Turquía,Bus
Civilizaciones de Anatolia,Bus
Safari en Kenia,Bus
Exploración de la Amazonía,Bus
Ruta Maya en México,Bus
Ruta Inca en Perú,Bus
Viaje por India,Bus
Aventura en Islandia,Bus
Safari en Sudáfrica,Bus
Descubre China,Bus
Exploración de Nueva Zelanda,Bus
Exploración de Chile,Bus
Aventura en Marruecos,Bus
Viaje por Tailandia,Bus
Tour por Indonesia,Bus
Viaje por Singapur,Bus
Exploración de Corea del Sur,Bus
Tour por Rusia,Bus
Descubre Nepal,Bus
Descubre Israel,Bus
Descubre Italia,Bus
North Africa Tour,Bus
Explora Oceania,Bus
West Coast Tour,Bus
Great Lakes adventure,Bus
12-day Route 66 drive,Bus
Eastern Europe Adventure,Bus
Escape al Mediterraneo,Bus
Explorando la península	Iberica,Bus
North & Central Europe Tour,Bus
Central American Highlights,Barco
Tour por Escandinavia,Barco
Aventura Faraones en Egipto,Barco
Maravillas de Turquía,Barco
Civilizaciones de Anatolia,Barco
Exploración de la Amazonía,Barco
Ruta Inca en Perú,Barco
Aventura en Australia,Barco
Viaje por India,Barco
Safari en Sudáfrica,Barco
Descubre China,Barco
Descubre Brasil,Barco
Tour por Grecia,Barco
Aventura en Marruecos,Barco
Tour por Indonesia,Barco
Aventura en Filipinas,Barco
Viaje por Singapur,Barco
Exploración de Corea del Sur,Barco
Viaje por Sri Lanka,Barco
Tour por Emiratos Árabes,Barco
Tour por Turquía,Barco
Descubre Italia,Barco
Viaje por España,Barco
Explora Oceania,Barco
Great Lakes adventure,Barco
Conoce el Caribe,Barco
Explorando Indochina,Barco
Escape al Mediterraneo,Barco
East Asia Tour,Barco
Mundo Arabe,Barco
