tour,destino
Genuine Europe,Londres
Genuine Europe,Roma
Genuine Europe,Vaticano
Genuine Europe,Venecia
Genuine Europe,Zurich
Genuine Europe,Paris
Genuine Europe,Pisa
Europe Escape,Roma
Europe Escape,Venecia
Europe Escape,Paris
Europe Escape,Munich
Europe Escape,Amsterdam
Europe Escape,Pisa
Central American Highlights,Antigua
Central American Highlights,Panajachel
Central American Highlights,Guatemala
Central American Highlights,Copan
Central American Highlights,San Jose
Central American Highlights,Granada
Central American Highlights,Roatan
San Jose to Cancun Travel Pass,San Jose
San Jose to Cancun Travel Pass,Cancun
San Jose to Cancun Travel Pass,Playa del Carmen
San Jose to Cancun Travel Pass,Granada
South America Tour,Medellin
South America Tour,Bogota
South America Tour,Cusco
South America Tour,Machu Picchu
South America Tour,La Paz
South America Tour,Buenos Aires
South America Tour,Sao Paulo
South America Tour,Rio de Janeiro
Central & South America Tour,Antigua
Central & South America Tour,Guatemala
Central & South America Tour,Medellin
Central & South America Tour,Bogota
Central & South America Tour,Cusco
Central & South America Tour,Machu Picchu
Central & South America Tour,La Paz
Central & South America Tour,Buenos Aires
Central & South America Tour,Sao Paulo
Central & South America Tour,Rio de Janeiro
Central & South America Tour,Oaxaca
Central & South America Tour,Ciudad de México
Central & South America Tour,Roatan
Tour por Escandinavia,Estocolmo
Tour por Escandinavia,Gotemburgo
Tour por Escandinavia,Helsingborg
Tour por Escandinavia,Oslo
Tour por Escandinavia,Bergen
Aventura Faraones en Egipto,El Cairo
Aventura Faraones en Egipto,Asuán
Aventura Faraones en Egipto,Luxor
Aventura Faraones en Egipto,Alejandría
Maravillas de Turquía,Estambul
Maravillas de Turquía,Capadocia
Maravillas de Turquía,Ankara
Civilizaciones de Anatolia,Capadocia
Civilizaciones de Anatolia,Ankara
Safari en Kenia,Nairobi
Exploración de la Amazonía,Rio de Janeiro
Exploración de la Amazonía,Manaus
Exploración de la Amazonía,Amazonas
Ruta Maya en México,Oaxaca
Ruta Maya en México,Ciudad de México
Descubre Japón,Tokio
Descubre Japón,Kioto
Descubre Japón,Hiroshima
Descubre Japón,Osaka
Ruta Inca en Perú,Cusco
Ruta Inca en Perú,Machu Picchu
Ruta Inca en Perú,Lima
Aventura en Australia,Sídney
Aventura en Australia,Melbourne
Viaje por India,Nueva Delhi
Viaje por India,Delhi
Aventura en Islandia,Reikiavik
Aventura en Islandia,Akureyri
Aventura en Islandia,Reykjanesbaer
Aventura en Islandia,Selfoss
Safari en Sudáfrica,Johannesburgo
Safari en Sudáfrica,Ciudad del Cabo
Descubre China,Shangai
Descubre China,Pekin
Tour por Canadá,Toronto
Tour por Canadá,Vancouver
Tour por Canadá,Ottawa
Exploración de Nueva Zelanda,Auckland
Exploración de Nueva Zelanda,Wellington
Descubre Brasil,Sao Paulo
Descubre Brasil,Rio de Janeiro
Descubre Brasil,Santos
Descubre Brasil,Brasilia
Viaje por Argentina,Buenos Aires
Viaje por Argentina,La Plata
Viaje por Argentina,Rosario
Exploración de Chile,Santiago
Exploración de Chile,Iquique
Exploración de Chile,Punta Arenas
Tour por Grecia,Atenas
Tour por Grecia,Heraclión
Tour por Grecia,Esparta
Aventura en Marruecos,Casablanca
Aventura en Marruecos,Rabat
Aventura en Marruecos,Marrakech
Descubre Vietnam,Ho Chi Minh
Descubre Vietnam,Sa Pa
Descubre Vietnam,Nha Trang
Descubre Vietnam,Hanoi
Viaje por Tailandia,Bangkok
Viaje por Tailandia,Chiang Mai
Tour por Indonesia,Bali
Tour por Indonesia,Manado
Tour por Indonesia,Yakarta
Aventura en Filipinas,Manila
Aventura en Filipinas,Baguio
Aventura en Filipinas,Puerto Princesa
Viaje por Singapur,Singapur
Exploración de Corea del Sur,Andong
Exploración de Corea del Sur,Busan
Exploración de Corea del Sur,Seúl
Tour por Rusia,Nóvgorod
Tour por Rusia,San Petersburgo
Tour por Rusia,Ekaterimburgo
Tour por Rusia,Yakutsk
Tour por Rusia,Moscú
Descubre Nepal,Pokhara
Descubre Nepal,Katmandú
Viaje por Sri Lanka,Kandy
Viaje por Sri Lanka,Negombo
Viaje por Sri Lanka,Colombo
Tour por Emiratos Árabes,Abu Dabi
Tour por Emiratos Árabes,Hatta
Tour por Emiratos Árabes,Sarja
Tour por Emiratos Árabes,Dubái
Descubre Israel,Haifa
Descubre Israel,Rejovot
Descubre Israel,Nazaret
Descubre Israel,Safed
Descubre Israel,Jerusalén
Viaje por Arabia Saudita,Meca
Viaje por Arabia Saudita,Medina
Viaje por Arabia Saudita,Riad
Tour por Turquía,Estambul
Tour por Turquía,Capadocia
Tour por Turquía,Ankara
Descubre Italia,Roma
Descubre Italia,Vaticano
Descubre Italia,Venecia
Descubre Italia,Pisa
Descubre Italia,Napoles
Viaje por España,Sevilla
Viaje por España,Madrid
Viaje por España,Barcelona
Viaje por España,Ibiza
Exploración de Portugal,Oporto
Exploración de Portugal,Braga
Exploración de Portugal,Lisboa
North Africa Tour,El Cairo
North Africa Tour,Asuán
North Africa Tour,Casablanca
North Africa Tour,Alejandría
North Africa Tour,Tunez
North Africa Tour,Argel
Explora Oceania,Sídney
Explora Oceania,Auckland
Explora Oceania,Wellington
Explora Oceania,Melbourne
West Coast Tour,Los Angeles
West Coast Tour,San Francisco
West Coast Tour,Portland
West Coast Tour,Seattle
Great Lakes adventure,Toronto
Great Lakes adventure,Chicago
Great Lakes adventure,Milwaukee
Great Lakes adventure,Cleveland
Great Lakes adventure,Bufalo
12-day Route 66 drive,Chicago
12-day Route 66 drive,Springfield
12-day Route 66 drive,Oklahoma City
12-day Route 66 drive,Santa Fe
12-day Route 66 drive,Las Vegas
12-day Route 66 drive,Los Angeles
Conoce el Caribe,Habana
Conoce el Caribe,San Juan
Conoce el Caribe,Nasau
Conoce el Caribe,Kignston
Conoce el Caribe,Roatan
Conoce el Caribe,Miami
Eastern Europe Adventure,San Petersburgo
Eastern Europe Adventure,Moscú
Eastern Europe Adventure,Kiev
Eastern Europe Adventure,Odesa
Eastern Europe Adventure,Minsk
Eastern Europe Adventure,Varsovia
Eastern Europe Adventure,Bratislava
Explorando Indochina,Ho Chi Minh
Explorando Indochina,Bangkok
Explorando Indochina,Singapur
Explorando Indochina,Pekin
Escape al Mediterraneo,Venecia
Escape al Mediterraneo,Atenas
Escape al Mediterraneo,Esparta
Escape al Mediterraneo,Barcelona
Escape al Mediterraneo,Alejandría
Escape al Mediterraneo,Ibiza
Escape al Mediterraneo,Monaco
Escape al Mediterraneo,Napoles
East Asia Tour,Tokio
East Asia Tour,Seúl
East Asia Tour,Shangai
East Asia Tour,Pekin
Mundo Arabe,Abu Dabi
Mundo Arabe,Dubái
Mundo Arabe,Riad
Mundo Arabe,Doha
Explorando la península	Iberica,Sevilla
Explorando la península	Iberica,Oporto
Explorando la península	Iberica,Barcelona
Explorando la península	Iberica,Lisboa
Explorando la península	Iberica,Ibiza
North & Central Europe Tour,Zurich
North & Central Europe Tour,Munich
North & Central Europe Tour,Amsterdam
North & Central Europe Tour,Estocolmo
North & Central Europe Tour,Oslo
